{"cameraMode":{"drawMode":0,"name":"Shaded","section":"Shading Mode"},"sceneLighting":true,"audioPlay":false,"sceneViewState":{"showFog":true,"showMaterialUpdate":false,"showSkybox":true,"showFlares":true,"showImageEffects":true,"showParticleSystems":true,"showVisualEffectGraphs":true,"m_FxEnabled":true},"in2DMode":false,"pivot":{"x":-45.158103942871097,"y":-19.264755249023439,"z":-17.940988540649415},"rotation":{"x":0.06789962202310562,"y":-0.43668490648269656,"z":0.033072203397750857,"w":0.8964439034461975},"size":47.27869415283203,"orthographic":false}