{"cameraMode":{"drawMode":0,"name":"Shaded","section":"Shading Mode"},"sceneLighting":true,"audioPlay":false,"sceneViewState":{"m_AlwaysRefresh":false,"showFog":true,"showSkybox":true,"showFlares":true,"showImageEffects":true,"showParticleSystems":true,"showVisualEffectGraphs":true,"m_FxEnabled":true},"in2DMode":false,"pivot":{"x":-2.4154133796691896,"y":-25.749237060546876,"z":-99.76093292236328},"rotation":{"x":0.054041504859924319,"y":-0.9168042540550232,"z":0.3726804852485657,"w":0.13293655216693879},"size":47.27869415283203,"orthographic":false}